time,Humidity,Temperature
9/4/2022 13:41,26.69142857,61.83642857
9/4/2022 13:42,26.74111111,61.86851852
9/4/2022 13:43,26.59142857,61.83607143
9/4/2022 13:44,26.55296296,61.83259259
9/4/2022 13:45,26.35214286,61.85964286
9/4/2022 13:46,26.11892857,61.94642857
9/4/2022 13:47,25.88148148,62.07037037
9/4/2022 13:48,25.608,62.1964
9/4/2022 13:49,25.39535714,62.25714286
9/4/2022 13:50,25.19392857,62.31607143
9/4/2022 13:51,25.04296296,62.3337037
9/4/2022 13:52,25.04357143,62.33571429
9/4/2022 13:53,24.97740741,62.30185185
9/4/2022 13:54,24.90714286,62.30714286
9/4/2022 13:55,24.73321429,62.29857143
9/4/2022 13:56,24.6137037,62.31777778
9/4/2022 13:57,24.53392857,62.31821429
9/4/2022 13:58,24.41925926,62.30925926
9/4/2022 13:59,24.36035714,62.27678571
9/4/2022 14:00,24.23142857,62.25
9/4/2022 14:01,24.11925926,62.23851852
9/4/2022 14:02,24.02321429,62.23678571
9/4/2022 14:03,23.93111111,62.22296296
9/4/2022 14:04,23.92535714,62.17
9/4/2022 14:05,23.86142857,62.12678571
9/4/2022 14:06,23.88,62.08037037
9/4/2022 14:07,23.81888889,62.06407407
9/4/2022 14:08,23.78035714,62.05571429
9/4/2022 14:09,23.65928571,62.04964286
9/4/2022 14:10,23.60142857,62.06678571
9/4/2022 14:11,23.77148148,62.00703704
9/4/2022 14:12,23.98642857,61.91821429
9/4/2022 14:13,24.07925926,61.86222222
9/4/2022 14:14,24.04285714,61.85
9/4/2022 14:15,24.13321429,61.83035714
9/4/2022 14:16,24.17259259,61.74259259
9/4/2022 14:17,24.31428571,61.68535714
9/4/2022 14:18,24.43296296,61.67814815
9/4/2022 14:19,24.39178571,61.70178571
9/4/2022 14:20,24.31,61.71964286
9/4/2022 14:21,24.3037037,61.74703704
9/4/2022 14:22,24.37571429,61.73607143
9/4/2022 14:23,24.40333333,61.73333333
9/4/2022 14:24,24.53678571,61.73392857
9/4/2022 14:25,24.635,61.74571429
9/4/2022 14:26,24.8462963,61.74814815
9/4/2022 14:27,25.04107143,61.73678571
9/4/2022 14:28,24.9937037,61.75259259
9/4/2022 14:29,24.94178571,61.75357143
9/4/2022 14:30,24.90142857,61.74285714
9/4/2022 14:31,25.0062963,61.78592593
9/4/2022 14:32,24.96714286,61.78607143
9/4/2022 14:33,24.9,61.7
9/4/2022 14:34,24.93857143,61.67642857
9/4/2022 14:35,24.88571429,61.665
9/4/2022 14:36,24.88333333,61.64444444
9/4/2022 14:37,24.81928571,61.62821429
9/4/2022 14:38,24.79111111,61.55222222
9/4/2022 14:39,24.71607143,61.45321429
9/4/2022 14:40,24.6475,61.39892857
9/4/2022 14:41,24.64703704,61.37592593
9/4/2022 14:42,24.66035714,61.33857143
9/4/2022 14:43,24.60592593,61.30111111
9/4/2022 14:44,24.54857143,61.28964286
9/4/2022 14:45,24.50142857,61.25071429
9/4/2022 14:46,24.49518519,61.21222222
9/4/2022 14:47,24.52071429,61.15821429
9/4/2022 14:48,24.54518519,61.10703704
9/4/2022 14:49,24.55571429,61.06107143
9/4/2022 14:50,24.49607143,61.02071429
9/4/2022 14:51,24.46555556,61.00814815
9/4/2022 14:52,24.41464286,60.98714286
9/4/2022 14:53,24.39259259,60.96666667
9/4/2022 14:54,24.43107143,60.94928571
9/4/2022 14:55,24.54285714,60.91535714
9/4/2022 14:56,24.61777778,60.84518519
9/4/2022 14:57,24.69035714,60.7825
9/4/2022 14:58,24.74814815,60.73592593
9/4/2022 14:59,24.72821429,60.715
9/4/2022 15:00,24.66428571,60.71928571
9/4/2022 15:01,24.58148148,60.7237037
9/4/2022 15:02,24.51035714,60.71892857
9/4/2022 15:03,24.54444444,60.69296296
9/4/2022 15:04,24.45035714,60.65071429
9/4/2022 15:05,24.31928571,60.63357143
9/4/2022 15:06,24.35111111,60.62592593
9/4/2022 15:07,24.43071429,60.61321429
9/4/2022 15:08,24.54071429,60.62392857
9/4/2022 15:09,24.55,60.59888889
9/4/2022 15:10,24.53178571,60.58678571
9/4/2022 15:11,24.48,60.55259259
9/4/2022 15:12,24.37785714,60.55357143
9/4/2022 15:13,24.305,60.56392857
9/4/2022 15:14,24.33518519,60.54148148
9/4/2022 15:15,24.53892857,60.46857143
9/4/2022 15:16,24.56592593,60.42851852
9/4/2022 15:17,24.47785714,60.38785714
9/4/2022 15:18,24.37892857,60.38071429
9/4/2022 15:19,24.39222222,60.39777778
9/4/2022 15:20,24.2125,60.38107143
9/4/2022 15:21,20.79592593,57.35
9/4/2022 15:22,28.75357143,52.25392857
9/4/2022 15:23,29.88357143,52.09928571
9/4/2022 15:24,25.95814815,50.27740741
9/4/2022 15:25,29.81285714,46.98607143
9/4/2022 15:26,40.7762963,45.20259259
9/4/2022 15:27,39.8625,47.89642857
9/4/2022 15:28,34.65714286,51.14785714
9/4/2022 15:29,31.04148148,53.74296296
9/4/2022 15:30,28.73071429,55.73964286
9/4/2022 15:31,27.14222222,57.22703704
9/4/2022 15:32,26.03821429,58.36285714
9/4/2022 15:33,25.10714286,59.25571429
9/4/2022 15:34,24.51037037,59.9062963
9/4/2022 15:35,24.00892857,60.36035714
9/4/2022 15:36,23.78481481,60.71925926
9/4/2022 15:37,23.49928571,60.94428571
9/4/2022 15:38,23.27357143,61.11678571
9/4/2022 15:39,23.14518519,61.25185185
9/4/2022 15:40,23.04428571,61.33892857
9/4/2022 15:41,22.90785714,61.42785714
9/4/2022 15:42,22.83814815,61.48555556
9/4/2022 15:43,22.81928571,61.52071429
9/4/2022 15:44,22.69814815,61.54518519
9/4/2022 15:45,22.77321429,61.55571429
9/4/2022 15:46,22.72678571,61.5675
9/4/2022 15:47,22.61259259,61.57703704
9/4/2022 15:48,22.57035714,61.59071429
9/4/2022 15:49,22.5862963,61.58259259
9/4/2022 15:50,22.69928571,61.56357143
9/4/2022 15:51,22.64214286,61.56107143
9/4/2022 15:52,22.66148148,61.56333333
9/4/2022 15:53,22.70678571,61.55214286
9/4/2022 15:54,22.74777778,61.54555556
9/4/2022 15:55,22.60111111,61.55037037
9/4/2022 15:56,22.62655172,61.54206897
9/4/2022 15:57,22.6662963,61.52555556
9/4/2022 15:58,22.58857143,61.54142857
9/4/2022 15:59,22.66148148,61.58296296
9/4/2022 16:00,22.7825,61.58607143
9/4/2022 16:01,22.94392857,61.55285714
9/4/2022 16:02,23.04296296,61.51481481
9/4/2022 16:03,23.03392857,61.48142857
9/4/2022 16:04,23.09666667,61.44074074
9/4/2022 16:05,23.12035714,61.42285714
9/4/2022 16:06,23.14464286,61.41142857
9/4/2022 16:07,23.22148148,61.4262963
9/4/2022 16:08,23.19928571,61.41071429
9/4/2022 16:09,23.32296296,61.39962963
9/4/2022 16:10,23.37928571,61.38857143
9/4/2022 16:11,23.40892857,61.3925
9/4/2022 16:12,23.54,61.41259259
9/4/2022 16:13,23.435,61.45321429
9/4/2022 16:14,23.40111111,61.54407407
9/4/2022 16:15,23.41428571,61.65785714
9/4/2022 16:16,23.32107143,61.76035714
9/4/2022 16:17,23.40777778,61.85888889
9/4/2022 16:18,23.26142857,61.90857143
9/4/2022 16:19,23.46037037,61.93037037
9/4/2022 16:20,23.43714286,61.95285714
9/4/2022 16:21,23.42714286,61.9725
9/4/2022 16:22,23.40814815,61.98851852
9/4/2022 16:23,23.54035714,61.99892857
9/4/2022 16:24,23.57074074,62.01925926
9/4/2022 16:25,23.62464286,62.0425
9/4/2022 16:26,23.78321429,62.04107143
9/4/2022 16:27,23.93851852,62.08333333
9/4/2022 16:28,23.99214286,62.10107143
9/4/2022 16:29,24.19333333,62.11592593
9/4/2022 16:30,24.30285714,62.13785714
9/4/2022 16:31,24.42285714,62.17535714
9/4/2022 16:32,24.52777778,62.21481481
9/4/2022 16:33,24.59392857,62.25642857
9/4/2022 16:34,24.62925926,62.27259259
9/4/2022 16:35,24.64321429,62.32
9/4/2022 16:36,24.78964286,62.32392857
9/4/2022 16:37,24.77037037,62.34592593
9/4/2022 16:38,24.91142857,62.38142857
9/4/2022 16:39,25.00111111,62.42111111
9/4/2022 16:40,25.03821429,62.46678571
9/4/2022 16:41,24.91962963,62.53296296
9/4/2022 16:42,24.95214286,62.58892857
9/4/2022 16:43,25.10392857,62.60678571
9/4/2022 16:44,25.20222222,62.61259259
9/4/2022 16:45,25.365,62.60321429
9/4/2022 16:46,25.38821429,62.66642857
9/4/2022 16:47,25.29888889,62.6962963
9/4/2022 16:48,25.38392857,62.72214286
9/4/2022 16:49,25.38333333,62.74222222
9/4/2022 16:50,25.47214286,62.73214286
9/4/2022 16:51,25.66428571,62.62535714
9/4/2022 16:52,25.9037037,62.46518519
9/4/2022 16:53,25.99214286,62.38642857
9/4/2022 16:54,25.9737037,62.3937037
9/4/2022 16:55,25.90142857,62.48035714
9/4/2022 16:56,25.85857143,62.53642857
9/4/2022 16:57,25.82962963,62.55444444
9/4/2022 16:58,25.85821429,62.56035714
9/4/2022 16:59,25.9262963,62.55333333
9/4/2022 17:00,25.98928571,62.495
9/4/2022 17:01,25.95285714,62.47142857
9/4/2022 17:02,25.91518519,62.54407407
9/4/2022 17:03,25.8675,62.59857143
9/4/2022 17:04,25.8162963,62.61111111
9/4/2022 17:05,25.70714286,62.62535714
9/4/2022 17:06,25.39964286,62.71035714
9/4/2022 17:07,25.31481481,62.84444444
9/4/2022 17:08,25.35642857,62.94357143
9/4/2022 17:09,25.39888889,62.98555556
9/4/2022 17:10,25.43481481,62.94925926
9/4/2022 17:11,25.46142857,62.94464286
9/4/2022 17:12,25.3575,63.0275
9/4/2022 17:13,25.235,63.1625
9/4/2022 17:14,25.11814815,63.23259259
9/4/2022 17:15,25.125,63.28357143
9/4/2022 17:16,25.10321429,63.25321429
9/4/2022 17:17,24.96518519,63.29185185
9/4/2022 17:18,24.97428571,63.32535714
9/4/2022 17:19,24.97111111,63.34296296
9/4/2022 17:20,25.00285714,63.38678571
9/4/2022 17:21,24.99,63.38535714
9/4/2022 17:22,25.05185185,63.48333333
9/4/2022 17:23,25.03321429,63.5025
9/4/2022 17:24,25.00333333,63.55666667
9/4/2022 17:25,24.89285714,63.595
9/4/2022 17:26,24.89259259,63.62481481
9/4/2022 17:27,24.91178571,63.63107143
9/4/2022 17:28,24.97,63.56535714
9/4/2022 17:29,25.05592593,63.49518519
9/4/2022 17:30,25.08535714,63.50642857
9/4/2022 17:31,25.05925926,63.48444444
9/4/2022 17:32,25.03892857,63.54107143
9/4/2022 17:33,25.07464286,63.52857143
9/4/2022 17:34,25.14037037,63.47444444
9/4/2022 17:35,25.18785714,63.45857143
9/4/2022 17:36,25.22814815,63.4062963
9/4/2022 17:37,25.23892857,63.38
9/4/2022 17:38,25.22642857,63.39
9/4/2022 17:39,25.22444444,63.38111111
9/4/2022 17:40,25.21035714,63.3575
9/4/2022 17:41,25.21925926,63.30481481
9/4/2022 17:42,25.20142857,63.19535714
9/4/2022 17:43,25.18,63.06392857
9/4/2022 17:44,25.24703704,62.96592593
9/4/2022 17:45,25.1975,62.89892857
9/4/2022 17:46,25.18,62.88111111
9/4/2022 17:47,25.20821429,62.805
9/4/2022 17:48,25.24107143,62.69642857
9/4/2022 17:49,25.29,62.61259259
9/4/2022 17:50,25.25857143,62.60035714
9/4/2022 17:51,25.22,62.65037037
9/4/2022 17:52,25.20571429,62.65357143
9/4/2022 17:53,25.20178571,62.61892857
9/4/2022 17:54,25.20407407,62.59925926
9/4/2022 17:55,25.21392857,62.56857143
9/4/2022 17:56,25.25518519,62.53481481
9/4/2022 17:57,25.32392857,62.48642857
9/4/2022 17:58,25.3025,62.44678571
9/4/2022 17:59,25.31851852,62.44518519
9/4/2022 18:00,25.28321429,62.435
9/4/2022 18:01,25.30037037,62.40666667
9/4/2022 18:02,25.28964286,62.40821429
9/4/2022 18:03,25.27571429,62.45785714
9/4/2022 18:04,25.17703704,62.50740741
9/4/2022 18:05,25.16464286,62.52821429
9/4/2022 18:06,25.16666667,62.45814815
9/4/2022 18:07,25.12821429,62.47892857
9/4/2022 18:08,25.07464286,62.51892857
9/4/2022 18:09,25.08925926,62.50296296
9/4/2022 18:10,25.11392857,62.46464286
9/4/2022 18:11,25.10259259,62.47740741
9/4/2022 18:12,25.15642857,62.45071429
9/4/2022 18:13,25.17678571,62.39928571
9/4/2022 18:14,25.21481481,62.33555556
9/4/2022 18:15,25.265,62.26892857
9/4/2022 18:16,25.2837037,62.24148148
9/4/2022 18:17,25.32714286,62.23107143
9/4/2022 18:18,25.31321429,62.21714286
9/4/2022 18:19,25.32333333,62.19296296
9/4/2022 18:20,25.30857143,62.15392857
9/4/2022 18:21,25.27407407,62.13222222
9/4/2022 18:22,25.22214286,62.11821429
9/4/2022 18:23,25.25821429,62.0875
9/4/2022 18:24,25.30518519,62.04555556
9/4/2022 18:25,25.28964286,62.07285714
9/4/2022 18:26,25.31035714,62.08107143
9/4/2022 18:27,25.30481481,62.0537037
9/4/2022 18:28,25.34642857,62.02071429
9/4/2022 18:29,25.35407407,62.00333333
9/4/2022 18:30,25.37392857,61.96678571
9/4/2022 18:31,25.36178571,61.93071429
9/4/2022 18:32,25.24074074,61.92888889
9/4/2022 18:33,25.14678571,62.00714286
9/4/2022 18:34,25.09185185,62.04259259
9/4/2022 18:35,25.11178571,62.005
9/4/2022 18:36,25.13392857,61.92428571
9/4/2022 18:37,25.17407407,61.86259259
9/4/2022 18:38,25.18642857,61.82964286
9/4/2022 18:39,25.18481481,61.85037037
9/4/2022 18:40,25.16571429,61.92642857
9/4/2022 18:41,24.91928571,61.98428571
9/4/2022 18:42,24.78592593,62.10666667
9/4/2022 18:43,24.58857143,62.21678571
9/4/2022 18:44,24.49259259,62.30888889
9/4/2022 18:45,24.41107143,62.28321429
9/4/2022 18:46,24.36285714,62.2625
9/4/2022 18:47,24.2862963,62.27407407
9/4/2022 18:48,24.25535714,62.26357143
9/4/2022 18:49,24.13481481,62.23888889
9/4/2022 18:50,24.11107143,62.23571429
9/4/2022 18:51,24.08892857,62.22964286
9/4/2022 18:52,24.13148148,62.19222222
9/4/2022 18:53,24.04357143,62.14571429
9/4/2022 18:54,24.03259259,62.12037037
9/4/2022 18:55,24.06678571,62.10392857
9/4/2022 18:56,24.04214286,62.00892857
9/4/2022 18:57,23.96814815,61.99814815
9/4/2022 18:58,23.88714286,62.02785714
9/4/2022 18:59,23.8037037,61.99925926
9/4/2022 19:00,23.83357143,61.91714286
9/4/2022 19:01,23.85964286,61.80107143
9/4/2022 19:02,23.89814815,61.74333333
9/4/2022 19:03,23.90857143,61.64214286
9/4/2022 19:04,23.99148148,61.52037037
9/4/2022 19:05,24.01928571,61.38571429
9/4/2022 19:06,24.08321429,61.28107143
9/4/2022 19:07,24.11037037,61.18296296
9/4/2022 19:08,24.17107143,61.10857143
9/4/2022 19:09,24.19037037,61.02888889
9/4/2022 19:10,24.17035714,60.97964286
9/4/2022 19:11,24.23857143,60.93678571
9/4/2022 19:12,24.26703704,60.91111111
9/4/2022 19:13,24.25285714,60.87857143
9/4/2022 19:14,24.2725,60.85928571
9/4/2022 19:15,24.35074074,60.79444444
9/4/2022 19:16,24.2975,60.74428571
9/4/2022 19:17,24.32481481,60.70185185
9/4/2022 19:18,24.34071429,60.62357143
9/4/2022 19:19,24.3375,60.5925
9/4/2022 19:20,24.30925926,60.54037037
9/4/2022 19:21,24.26,60.49892857
9/4/2022 19:22,24.21740741,60.49148148
9/4/2022 19:23,24.165,60.47714286
9/4/2022 19:24,24.30714286,60.42
9/4/2022 19:25,24.21666667,60.32814815
9/4/2022 19:26,24.125,60.31142857
9/4/2022 19:27,24.24851852,60.30037037
9/4/2022 19:28,24.1125,60.24857143
9/4/2022 19:29,24.16464286,60.26
9/4/2022 19:30,24.06407407,60.25814815
9/4/2022 19:31,24.03321429,60.32714286
9/4/2022 19:32,23.98703704,60.3737037
9/4/2022 19:33,24.0575,60.39035714
9/4/2022 19:34,23.94428571,60.41714286
9/4/2022 19:35,23.88851852,60.48148148
9/4/2022 19:36,23.85857143,60.49964286
9/4/2022 19:37,23.80666667,60.45888889
9/4/2022 19:38,23.78821429,60.42821429
9/4/2022 19:39,23.77714286,60.41107143
9/4/2022 19:40,23.79074074,60.37592593
9/4/2022 19:41,23.84214286,60.32928571
9/4/2022 19:42,23.85703704,60.29074074
9/4/2022 19:43,23.96892857,60.25071429
9/4/2022 19:44,23.97214286,60.21321429
9/4/2022 19:45,23.99814815,60.19481481
9/4/2022 19:46,23.96892857,60.16035714
9/4/2022 19:47,23.93222222,60.16333333
9/4/2022 19:48,23.93142857,60.17071429
9/4/2022 19:49,23.90285714,60.17571429
9/4/2022 19:50,23.84666667,60.16925926
9/4/2022 19:51,23.82321429,60.16785714
9/4/2022 19:52,23.79148148,60.13444444
9/4/2022 19:53,23.82535714,60.0925
9/4/2022 19:54,23.8925,60.03714286
9/4/2022 19:55,23.91925926,60.00851852
9/4/2022 19:56,23.98571429,59.96392857
9/4/2022 19:57,23.97814815,59.9037037
9/4/2022 19:58,23.91785714,59.9
9/4/2022 19:59,23.88107143,59.89285714
9/4/2022 20:00,23.97740741,59.84592593
9/4/2022 20:01,24.32607143,59.70964286
9/4/2022 20:02,24.55148148,59.5237037
9/4/2022 20:03,24.80857143,59.35821429
9/4/2022 20:04,25.00535714,59.14678571
9/4/2022 20:05,24.93666667,59.08111111
9/4/2022 20:06,24.72928571,59.29964286
9/4/2022 20:07,24.62814815,59.46851852
9/4/2022 20:08,24.9425,59.37285714
9/4/2022 20:09,25.28607143,59.17571429
9/4/2022 20:10,25.66444444,58.88074074
9/4/2022 20:11,25.9225,58.63428571
9/4/2022 20:12,26.17678571,58.45
9/4/2022 20:13,26.34333333,58.28407407
9/4/2022 20:14,26.48571429,58.13428571
9/4/2022 20:15,26.64185185,58.00777778
9/4/2022 20:16,26.79071429,57.86964286
9/4/2022 20:17,26.91785714,57.73
9/4/2022 20:18,27.02925926,57.64703704
9/4/2022 20:19,27.14142857,57.57821429
9/4/2022 20:20,27.2237037,57.53407407
9/4/2022 20:21,27.33714286,57.51714286
9/4/2022 20:22,27.3775,57.525
9/4/2022 20:23,27.3762963,57.54851852
9/4/2022 20:24,27.40882353,57.55176471
9/4/2022 20:25,27.50464286,57.54714286
9/4/2022 20:26,27.52444444,57.52740741
9/4/2022 20:27,27.55392857,57.5175
9/4/2022 20:28,27.60535714,57.51428571
9/4/2022 20:29,27.58035714,57.56571429
9/4/2022 20:30,27.53703704,57.65666667
9/4/2022 20:31,27.5125,57.69964286
9/4/2022 20:32,27.57714286,57.70571429
9/4/2022 20:33,27.59666667,57.72222222
9/4/2022 20:34,27.64642857,57.72678571
9/4/2022 20:35,27.64148148,57.76444444
9/4/2022 20:36,27.59821429,57.90464286
9/4/2022 20:37,27.53178571,58.02392857
9/4/2022 20:38,27.4737037,58.10555556
9/4/2022 20:39,27.56071429,58.13642857
9/4/2022 20:40,27.53518519,58.23666667
9/4/2022 20:41,27.51357143,58.33714286
9/4/2022 20:42,27.52964286,58.40535714
9/4/2022 20:43,27.61185185,58.47185185
9/4/2022 20:44,27.58,58.53607143
9/4/2022 20:45,27.50444444,58.5637037
9/4/2022 20:46,27.48321429,58.63357143
9/4/2022 20:47,27.42285714,58.68321429
9/4/2022 20:48,27.43703704,58.84592593
9/4/2022 20:49,27.25464286,59.06107143
9/4/2022 20:50,26.84185185,59.33925926
9/4/2022 20:51,26.54892857,59.50321429
9/4/2022 20:52,26.53678571,59.59428571
9/4/2022 20:53,26.48333333,59.64555556
9/4/2022 20:54,26.57607143,59.68714286
9/4/2022 20:55,26.58703704,59.72481481
9/4/2022 20:56,26.50571429,59.78428571
9/4/2022 20:57,26.5325,59.8375
9/4/2022 20:58,26.48259259,59.8737037
9/4/2022 20:59,26.38357143,59.95071429
9/4/2022 21:00,26.36,60.02407407
9/4/2022 21:01,26.28714286,60.13035714
9/4/2022 21:02,26.27464286,60.15642857
9/4/2022 21:03,26.24259259,60.17
9/4/2022 21:04,26.21,60.20535714
9/4/2022 21:05,26.18851852,60.24555556
9/4/2022 21:06,26.17607143,60.29535714
9/4/2022 21:07,26.16821429,60.34642857
9/4/2022 21:08,26.13814815,60.39592593
9/4/2022 21:09,26.07428571,60.44142857
9/4/2022 21:10,26.08407407,60.50555556
9/4/2022 21:11,26.0725,60.58928571
9/4/2022 21:12,26.03642857,60.65964286
9/4/2022 21:13,26.04666667,60.67333333
9/4/2022 21:14,26.06928571,60.68785714
9/4/2022 21:15,26.04814815,60.72740741
9/4/2022 21:16,26.00035714,60.76785714
9/4/2022 21:17,26.06142857,60.76285714
9/4/2022 21:18,26.04074074,60.81074074
9/4/2022 21:19,26.02607143,60.86607143
9/4/2022 21:20,26.01259259,60.90555556
9/4/2022 21:21,26.02964286,60.90607143
9/4/2022 21:22,26.03357143,60.93357143
9/4/2022 21:23,26.03703704,60.97333333
9/4/2022 21:24,25.99392857,61.02535714
9/4/2022 21:25,25.98148148,61.04703704
9/4/2022 21:26,25.98071429,61.06392857
9/4/2022 21:27,25.88857143,61.1275
9/4/2022 21:28,25.89185185,61.16111111
9/4/2022 21:29,25.91178571,61.17428571
9/4/2022 21:30,25.88333333,61.23777778
9/4/2022 21:31,25.86107143,61.28
9/4/2022 21:32,25.86928571,61.28071429
9/4/2022 21:33,25.89185185,61.26
9/4/2022 21:34,25.91535714,61.25071429
9/4/2022 21:35,25.85925926,61.27481481
9/4/2022 21:36,25.77714286,61.26785714
9/4/2022 21:37,25.69464286,61.28107143
9/4/2022 21:38,25.58296296,61.36407407
9/4/2022 21:39,25.59115385,61.39153846
9/4/2022 21:40,25.60846154,61.375
9/4/2022 21:41,25.67291667,61.36625
9/4/2022 21:42,25.69333333,61.36481481
9/4/2022 21:43,25.73966667,61.374
9/4/2022 21:44,25.75413793,61.40517241
9/4/2022 21:45,25.7425,61.42142857
9/4/2022 21:46,25.71,61.45555556
9/4/2022 21:47,25.62571429,61.49928571
9/4/2022 21:48,25.42925926,61.55111111
9/4/2022 21:49,25.32142857,61.60857143
9/4/2022 21:50,25.32178571,61.6325
9/4/2022 21:51,25.31259259,61.61740741
9/4/2022 21:52,25.25107143,61.62678571
9/4/2022 21:53,25.16259259,61.65666667
9/4/2022 21:54,25.20392857,61.66928571
9/4/2022 21:55,25.23392857,61.68107143
9/4/2022 21:56,25.24037037,61.71259259
9/4/2022 21:57,25.24428571,61.71607143
9/4/2022 21:58,25.33,61.70444444
9/4/2022 21:59,25.27642857,61.68357143
9/4/2022 22:00,25.1125,61.71964286
9/4/2022 22:01,25.16592593,61.73333333
9/4/2022 22:02,25.17857143,61.72285714
9/4/2022 22:03,25.20185185,61.71185185
9/4/2022 22:04,25.18464286,61.72964286
9/4/2022 22:05,25.18071429,61.75857143
9/4/2022 22:06,25.04592593,61.75888889
9/4/2022 22:07,25.03607143,61.68357143
9/4/2022 22:08,25.07703704,61.59518519
9/4/2022 22:09,25.13142857,61.45535714
9/4/2022 22:10,25.09785714,61.3725
9/4/2022 22:11,25.19777778,61.31296296
9/4/2022 22:12,25.26464286,61.26357143
9/4/2022 22:13,25.21666667,61.26740741
9/4/2022 22:14,25.30035714,61.28714286
9/4/2022 22:15,25.24821429,61.29178571
9/4/2022 22:16,25.24592593,61.26037037
9/4/2022 22:17,25.20357143,61.21535714
9/4/2022 22:18,25.14518519,61.20592593
9/4/2022 22:19,25.0675,61.20642857
9/4/2022 22:20,25.08071429,61.20678571
9/4/2022 22:21,25.05592593,61.20444444
9/4/2022 22:22,24.99535714,61.17785714
9/4/2022 22:23,24.96962963,61.2062963
9/4/2022 22:24,24.92535714,61.23892857
9/4/2022 22:25,24.85964286,61.23821429
9/4/2022 22:26,24.83518519,61.22777778
9/4/2022 22:27,24.91178571,61.1725
9/4/2022 22:28,24.87851852,61.08703704
9/4/2022 22:29,24.91571429,61.08571429
9/4/2022 22:30,24.84642857,61.07214286
9/4/2022 22:31,24.81518519,61.09777778
9/4/2022 22:32,24.80678571,61.10142857
9/4/2022 22:33,24.87037037,61.09814815
9/4/2022 22:34,24.86821429,61.11178571
9/4/2022 22:35,24.86357143,61.11285714
9/4/2022 22:36,24.83185185,61.13814815
9/4/2022 22:37,24.79178571,61.15464286
9/4/2022 22:38,24.76464286,61.16964286
9/4/2022 22:39,24.76333333,61.17592593
9/4/2022 22:40,24.8,61.18071429
9/4/2022 22:41,24.75814815,61.22037037
9/4/2022 22:42,24.70642857,61.24785714
9/4/2022 22:43,24.67642857,61.24142857
9/4/2022 22:44,24.67481481,61.23111111
9/4/2022 22:45,24.64964286,61.19535714
9/4/2022 22:46,24.68444444,61.13962963
9/4/2022 22:47,24.67285714,61.10785714
9/4/2022 22:48,24.64,61.06857143
9/4/2022 22:49,24.60962963,61.05407407
9/4/2022 22:50,24.65464286,61.03714286
9/4/2022 22:51,24.74851852,60.98592593
9/4/2022 22:52,24.75892857,60.92107143
9/4/2022 22:53,24.77142857,60.94892857
9/4/2022 22:54,24.74962963,60.97333333
9/4/2022 22:55,24.69285714,60.96964286
9/4/2022 22:56,24.5937037,60.98259259
9/4/2022 22:57,24.52821429,60.99428571
9/4/2022 22:58,24.44892857,61.02035714
9/4/2022 22:59,24.4537037,60.99666667
9/4/2022 23:00,24.41142857,60.985
9/4/2022 23:01,24.47037037,60.91777778
9/4/2022 23:02,24.45321429,60.86535714
9/4/2022 23:03,24.45,60.8325
9/4/2022 23:04,24.41888889,60.77444444
9/4/2022 23:05,24.40107143,60.73714286
9/4/2022 23:06,24.44148148,60.66888889
9/4/2022 23:07,24.39785714,60.66428571
9/4/2022 23:08,24.41142857,60.68142857
9/4/2022 23:09,24.41592593,60.66222222
9/4/2022 23:10,24.4375,60.61071429
9/4/2022 23:11,24.39296296,60.58851852
9/4/2022 23:12,24.37392857,60.55178571
9/4/2022 23:13,24.41357143,60.49107143
9/4/2022 23:14,24.44296296,60.4137037
9/4/2022 23:15,24.56785714,60.26964286
9/4/2022 23:16,24.68892857,60.11
9/4/2022 23:17,24.76111111,59.98407407
9/4/2022 23:18,24.81464286,59.90392857
9/4/2022 23:19,24.88185185,59.83148148
9/4/2022 23:20,24.90678571,59.77428571
9/4/2022 23:21,24.8875,59.74321429
9/4/2022 23:22,24.89740741,59.72962963
9/4/2022 23:23,24.89428571,59.66035714
9/4/2022 23:24,24.96703704,59.57962963
9/4/2022 23:25,24.94,59.49821429
9/4/2022 23:26,24.98035714,59.415
9/4/2022 23:27,24.95407407,59.38925926
9/4/2022 23:28,24.99785714,59.34357143
9/4/2022 23:29,25.00814815,59.28518519
9/4/2022 23:30,25.01428571,59.2775
9/4/2022 23:31,24.91964286,59.29178571
9/4/2022 23:32,24.78555556,59.38407407
9/4/2022 23:33,24.64571429,59.49214286
9/4/2022 23:34,24.50666667,59.65740741
9/4/2022 23:35,24.46857143,59.71
9/4/2022 23:36,24.40392857,59.73035714
9/4/2022 23:37,24.34296296,59.75518519
9/4/2022 23:38,24.35214286,59.73714286
9/4/2022 23:39,24.3562963,59.67
9/4/2022 23:40,24.34,59.6275
9/4/2022 23:41,24.31071429,59.60821429
9/4/2022 23:42,24.37444444,59.56740741
9/4/2022 23:43,24.39035714,59.47785714
9/4/2022 23:44,24.41142857,59.445
9/4/2022 23:45,24.45888889,59.39259259
9/4/2022 23:46,24.52428571,59.35642857
9/4/2022 23:47,24.53,59.27851852
9/4/2022 23:48,24.53321429,59.255
9/4/2022 23:49,24.51357143,59.25714286
9/4/2022 23:50,24.48333333,59.2162963
9/4/2022 23:51,24.41142857,59.20892857
9/4/2022 23:52,24.31925926,59.27925926
9/4/2022 23:53,24.355,59.27821429
9/4/2022 23:54,24.34464286,59.225
9/4/2022 23:55,24.3237037,59.16888889
9/4/2022 23:56,24.25285714,59.15357143
9/4/2022 23:57,24.17666667,59.23074074
9/4/2022 23:58,24.10785714,59.3125
9/4/2022 23:59,24.15928571,59.27571429
10/4/2022 0:00,24.20185185,59.16333333
10/4/2022 0:01,24.15642857,59.11071429
10/4/2022 0:02,24.09,59.06357143
10/4/2022 0:03,24.02407407,59.05296296
10/4/2022 0:04,23.96821429,59.10321429
10/4/2022 0:05,23.91296296,59.13148148
10/4/2022 0:06,23.925,59.10607143
10/4/2022 0:07,23.99071429,59.05214286
10/4/2022 0:08,23.97037037,59.00444444
10/4/2022 0:09,24.01678571,58.97321429
10/4/2022 0:10,23.99,58.95185185
10/4/2022 0:11,24.00357143,58.88964286
10/4/2022 0:12,23.89214286,58.87285714
10/4/2022 0:13,23.87148148,58.91925926
10/4/2022 0:14,23.86285714,58.89928571
10/4/2022 0:15,23.85,58.93074074
10/4/2022 0:16,23.795,58.96928571
10/4/2022 0:17,23.67928571,59.06785714
10/4/2022 0:18,23.64423077,59.11807692
10/4/2022 0:19,23.66896552,59.05965517
10/4/2022 0:20,23.69,58.95535714
10/4/2022 0:21,23.77296296,58.89666667
10/4/2022 0:22,23.79571429,58.75678571
10/4/2022 0:23,23.86444444,58.62888889
10/4/2022 0:24,23.93107143,58.50535714
10/4/2022 0:25,24.08642857,58.38857143
10/4/2022 0:26,24.51222222,58.11037037
10/4/2022 0:27,24.91107143,57.72178571
10/4/2022 0:28,25.24592593,57.38666667
10/4/2022 0:29,25.46107143,57.10642857
10/4/2022 0:30,25.60642857,56.93285714
10/4/2022 0:31,25.85666667,56.73222222
10/4/2022 0:32,25.99464286,56.52321429
10/4/2022 0:33,26.02035714,56.40464286
10/4/2022 0:34,26.17925926,56.30481481
10/4/2022 0:35,26.30821429,56.18642857
10/4/2022 0:36,26.36740741,56.10962963
10/4/2022 0:37,26.46035714,55.98678571
10/4/2022 0:38,26.4675,55.91928571
10/4/2022 0:39,26.49740741,55.86222222
10/4/2022 0:40,26.47285714,55.8275
10/4/2022 0:41,26.53,55.77666667
10/4/2022 0:42,26.55142857,55.71178571
10/4/2022 0:43,26.59535714,55.64285714
10/4/2022 0:44,26.6437037,55.58185185
10/4/2022 0:45,26.70928571,55.52678571
10/4/2022 0:46,26.72333333,55.46814815
10/4/2022 0:47,26.7375,55.4225
10/4/2022 0:48,26.72607143,55.38
10/4/2022 0:49,26.69074074,55.36888889
10/4/2022 0:50,26.75107143,55.35107143
10/4/2022 0:51,26.82785714,55.33857143
10/4/2022 0:52,26.95740741,55.33444444
10/4/2022 0:53,27.11107143,55.34464286
10/4/2022 0:54,27.23518519,55.33777778
10/4/2022 0:55,27.44285714,55.27285714
10/4/2022 0:56,27.65148148,55.20111111
10/4/2022 0:57,27.84821429,55.17214286
10/4/2022 0:58,28.0425,55.12392857
10/4/2022 0:59,28.22962963,55.07259259
10/4/2022 1:00,28.4425,54.99928571
10/4/2022 1:01,28.66178571,54.94642857
10/4/2022 1:02,28.84703704,54.91148148
10/4/2022 1:03,28.96071429,54.88642857
10/4/2022 1:04,29.09296296,54.86518519
10/4/2022 1:05,29.23535714,54.85321429
10/4/2022 1:06,29.4425,54.86285714
10/4/2022 1:07,29.67555556,54.94592593
10/4/2022 1:08,29.78964286,55.09464286
10/4/2022 1:09,29.84321429,55.24
10/4/2022 1:10,29.79037037,55.3862963
10/4/2022 1:11,29.88,55.45714286
10/4/2022 1:12,29.89814815,55.53407407
10/4/2022 1:13,29.90142857,55.56607143
10/4/2022 1:14,30.01785714,55.58892857
10/4/2022 1:15,30.01703704,55.69185185
10/4/2022 1:16,29.965,55.79214286
10/4/2022 1:17,29.9,55.88074074
10/4/2022 1:18,29.91107143,55.86178571
10/4/2022 1:19,29.98285714,55.83857143
10/4/2022 1:20,30.00481481,55.81333333
10/4/2022 1:21,30.05821429,55.775
10/4/2022 1:22,30.16518519,55.7462963
10/4/2022 1:23,30.18928571,55.74107143
10/4/2022 1:24,30.26428571,55.73964286
10/4/2022 1:25,30.35074074,55.76296296
10/4/2022 1:26,30.36857143,55.81357143
10/4/2022 1:27,30.36,55.89821429
10/4/2022 1:28,30.30407407,55.98407407
10/4/2022 1:29,30.27285714,56.05785714
10/4/2022 1:30,30.15185185,56.19814815
10/4/2022 1:31,30.07285714,56.31035714
10/4/2022 1:32,29.955,56.46928571
10/4/2022 1:33,29.74481481,56.68592593
10/4/2022 1:34,29.48214286,56.93464286
10/4/2022 1:35,29.42444444,57.04740741
10/4/2022 1:36,29.35785714,57.11857143
10/4/2022 1:37,29.4275,57.07964286
10/4/2022 1:38,29.46074074,57.06037037
10/4/2022 1:39,29.44357143,57.0725
10/4/2022 1:40,29.28407407,57.16777778
10/4/2022 1:41,29.225,57.19392857
10/4/2022 1:42,29.23214286,57.17178571
10/4/2022 1:43,29.19185185,57.19481481
10/4/2022 1:44,29.21035714,57.17892857
10/4/2022 1:45,29.2575,57.16428571
10/4/2022 1:46,29.35666667,57.11666667
10/4/2022 1:47,29.42285714,57.04678571
10/4/2022 1:48,29.4262963,57.07851852
10/4/2022 1:49,29.31678571,57.1475
10/4/2022 1:50,29.36714286,57.08821429
10/4/2022 1:51,29.34148148,57.09296296
10/4/2022 1:52,29.29964286,57.1275
10/4/2022 1:53,29.28962963,57.11962963
10/4/2022 1:54,29.30535714,57.13285714
10/4/2022 1:55,29.26964286,57.15678571
10/4/2022 1:56,29.32148148,57.11962963
10/4/2022 1:57,29.37285714,57.05678571
10/4/2022 1:58,29.31928571,57.06857143
10/4/2022 1:59,29.26740741,57.10851852
10/4/2022 2:00,29.22142857,57.13857143
10/4/2022 2:01,29.23962963,57.09740741
10/4/2022 2:02,29.18285714,57.10607143
10/4/2022 2:03,29.11392857,57.16964286
10/4/2022 2:04,29.01740741,57.27259259
10/4/2022 2:05,28.99035714,57.29892857
10/4/2022 2:06,29.28185185,57.10148148
10/4/2022 2:07,29.55928571,56.83571429
10/4/2022 2:08,29.82607143,56.58678571
10/4/2022 2:09,29.71074074,56.58555556
10/4/2022 2:10,29.92142857,56.52428571
10/4/2022 2:11,29.94962963,56.34666667
10/4/2022 2:12,29.74071429,56.49285714
10/4/2022 2:13,29.78821429,56.53535714
10/4/2022 2:14,30.06592593,56.28777778
10/4/2022 2:15,30.21142857,56.19107143
10/4/2022 2:16,30.29259259,56.05814815
10/4/2022 2:17,30.2925,56.06
10/4/2022 2:18,30.40071429,55.92107143
10/4/2022 2:19,30.44925926,55.89962963
10/4/2022 2:20,30.555,55.75464286
10/4/2022 2:21,30.42142857,55.88857143
10/4/2022 2:22,30.54481481,55.83111111
10/4/2022 2:23,30.49857143,55.82285714
10/4/2022 2:24,30.57481481,55.74851852
10/4/2022 2:25,30.66678571,55.71357143
10/4/2022 2:26,30.6525,55.6275
10/4/2022 2:27,30.46925926,55.7362963
10/4/2022 2:28,30.54607143,55.76892857
10/4/2022 2:29,30.4875,55.78714286
10/4/2022 2:30,30.69703704,55.65407407
10/4/2022 2:31,30.68571429,55.54928571
10/4/2022 2:32,30.88851852,55.4662963
10/4/2022 2:33,30.65071429,55.45
10/4/2022 2:34,30.34821429,55.6275
10/4/2022 2:35,30.51814815,55.62
10/4/2022 2:36,30.44428571,55.51928571
10/4/2022 2:37,30.51925926,55.53222222
10/4/2022 2:38,30.71,55.39678571
10/4/2022 2:39,30.8075,55.27285714
10/4/2022 2:40,30.75740741,55.21703704
10/4/2022 2:41,30.91178571,55.16321429
10/4/2022 2:42,31.0337037,55.03444444
10/4/2022 2:43,31.07071429,54.93964286
10/4/2022 2:44,31.11357143,54.90642857
10/4/2022 2:45,31.12962963,54.8262963
10/4/2022 2:46,30.87357143,54.93357143
10/4/2022 2:47,30.97464286,54.96035714
10/4/2022 2:48,31.08222222,54.86333333
10/4/2022 2:49,31.01357143,54.8575
10/4/2022 2:50,30.94518519,54.84888889
10/4/2022 2:51,30.84785714,54.89785714
10/4/2022 2:52,30.94964286,54.83857143
10/4/2022 2:53,31.02296296,54.76555556
10/4/2022 2:54,30.97035714,54.72821429
10/4/2022 2:55,31.0262963,54.69481481
10/4/2022 2:56,31.00964286,54.65392857
10/4/2022 2:57,31.0275,54.61821429
10/4/2022 2:58,31.05666667,54.57888889
10/4/2022 2:59,31.04035714,54.55821429
10/4/2022 3:00,31.02925926,54.52185185
10/4/2022 3:01,30.9825,54.51178571
10/4/2022 3:02,30.93535714,54.48928571
10/4/2022 3:03,30.95333333,54.45814815
10/4/2022 3:04,30.90535714,54.42821429
10/4/2022 3:05,30.92,54.3975
10/4/2022 3:06,30.86148148,54.37518519
10/4/2022 3:07,30.82666667,54.35962963
10/4/2022 3:08,30.8225,54.33071429
10/4/2022 3:09,30.7925,54.31642857
10/4/2022 3:10,30.81071429,54.29321429
10/4/2022 3:11,30.76555556,54.25925926
10/4/2022 3:12,30.83678571,54.2325
10/4/2022 3:13,30.91703704,54.21851852
10/4/2022 3:14,30.94535714,54.20035714
10/4/2022 3:15,31.01107143,54.19678571
10/4/2022 3:16,31.05888889,54.18074074
10/4/2022 3:17,31.04571429,54.16678571
10/4/2022 3:18,31.04714286,54.15178571
10/4/2022 3:19,31.01888889,54.13777778
10/4/2022 3:20,31.07142857,54.12357143
10/4/2022 3:21,31.06555556,54.10888889
10/4/2022 3:22,30.99964286,54.08357143
10/4/2022 3:23,30.96178571,54.09642857
10/4/2022 3:24,31.02666667,54.08333333
10/4/2022 3:25,31.01535714,54.05928571
10/4/2022 3:26,31.00851852,54.03037037
10/4/2022 3:27,30.98642857,54.00607143
10/4/2022 3:28,30.83535714,54.02464286
10/4/2022 3:29,30.82888889,54.03148148
10/4/2022 3:30,30.70892857,54.02964286
10/4/2022 3:31,30.72185185,54.04518519
10/4/2022 3:32,30.64357143,54.06285714
10/4/2022 3:33,30.62857143,54.04928571
10/4/2022 3:34,30.59296296,54.03962963
10/4/2022 3:35,30.55892857,54.03071429
10/4/2022 3:36,30.52821429,54.03464286
10/4/2022 3:37,30.5237037,53.99814815
10/4/2022 3:38,30.52464286,53.96821429
10/4/2022 3:39,30.55481481,53.94518519
10/4/2022 3:40,30.51714286,53.92714286
10/4/2022 3:41,30.48285714,53.91142857
10/4/2022 3:42,30.46666667,53.87851852
10/4/2022 3:43,30.51857143,53.84178571
10/4/2022 3:44,30.57555556,53.81518519
10/4/2022 3:45,30.51535714,53.79785714
10/4/2022 3:46,30.5775,53.76535714
10/4/2022 3:47,30.53037037,53.75037037
10/4/2022 3:48,30.55714286,53.73035714
10/4/2022 3:49,30.52321429,53.70892857
10/4/2022 3:50,30.49888889,53.70925926
10/4/2022 3:51,30.54214286,53.6925
10/4/2022 3:52,30.56666667,53.66148148
10/4/2022 3:53,30.62071429,53.63178571
10/4/2022 3:54,30.62428571,53.60785714
10/4/2022 3:55,30.62185185,53.58666667
10/4/2022 3:56,30.61964286,53.56892857
10/4/2022 3:57,30.62703704,53.54333333
10/4/2022 3:58,30.70464286,53.50678571
10/4/2022 3:59,30.67928571,53.5
10/4/2022 4:00,30.63555556,53.49259259
10/4/2022 4:01,30.66714286,53.47428571
10/4/2022 4:02,30.61444444,53.46962963
10/4/2022 4:03,30.55321429,53.44607143
10/4/2022 4:04,30.5625,53.44142857
10/4/2022 4:05,30.55185185,53.44296296
10/4/2022 4:06,30.51678571,53.42285714
10/4/2022 4:07,30.53071429,53.4075
10/4/2022 4:08,30.51814815,53.38037037
10/4/2022 4:09,30.50214286,53.37107143
10/4/2022 4:10,30.57333333,53.35333333
10/4/2022 4:11,30.58107143,53.35357143
10/4/2022 4:12,30.48357143,53.34428571
10/4/2022 4:13,30.50481481,53.33037037
10/4/2022 4:14,30.50178571,53.3225
10/4/2022 4:15,30.4637037,53.30518519
10/4/2022 4:16,30.45678571,53.29571429
10/4/2022 4:17,30.42071429,53.27071429
10/4/2022 4:18,30.40888889,53.24481481
10/4/2022 4:19,30.41,53.23821429
10/4/2022 4:20,30.40111111,53.20814815
10/4/2022 4:21,30.35142857,53.18035714
10/4/2022 4:22,30.38607143,53.16928571
10/4/2022 4:23,30.40222222,53.14925926
10/4/2022 4:24,30.41214286,53.13285714
10/4/2022 4:25,30.39428571,53.10607143
10/4/2022 4:26,30.39925926,53.08407407
10/4/2022 4:27,30.42642857,53.06928571
10/4/2022 4:28,30.40481481,53.04814815
10/4/2022 4:29,30.39357143,53.01821429
10/4/2022 4:30,30.38357143,53.00214286
10/4/2022 4:31,30.39148148,52.98074074
10/4/2022 4:32,30.39285714,52.96571429
10/4/2022 4:33,30.35777778,52.95074074
10/4/2022 4:34,30.37678571,52.93178571
10/4/2022 4:35,30.38,52.89785714
10/4/2022 4:36,30.30259259,52.87740741
10/4/2022 4:37,30.34035714,52.85392857
10/4/2022 4:38,30.32222222,52.83074074
10/4/2022 4:39,30.35071429,52.81142857
10/4/2022 4:40,30.30642857,52.80285714
10/4/2022 4:41,30.28814815,52.77740741
10/4/2022 4:42,30.28464286,52.73214286
10/4/2022 4:43,30.28214286,52.71142857
10/4/2022 4:44,30.26555556,52.68777778
10/4/2022 4:45,30.27535714,52.65642857
10/4/2022 4:46,30.25666667,52.64444444
10/4/2022 4:47,30.24535714,52.62785714
10/4/2022 4:48,30.20964286,52.615
10/4/2022 4:49,30.18814815,52.59518519
10/4/2022 4:50,30.17,52.58642857
10/4/2022 4:51,30.14518519,52.58
10/4/2022 4:52,30.13428571,52.56678571
10/4/2022 4:53,30.07964286,52.55571429
10/4/2022 4:54,30.05333333,52.55962963
10/4/2022 4:55,30.02928571,52.54
10/4/2022 4:56,30.02214286,52.52857143
10/4/2022 4:57,30.01666667,52.51111111
10/4/2022 4:58,29.985,52.51535714
10/4/2022 4:59,29.98111111,52.49888889
10/4/2022 5:00,29.98428571,52.47642857
10/4/2022 5:01,29.96928571,52.45571429
10/4/2022 5:02,29.94666667,52.45555556
10/4/2022 5:03,29.91821429,52.44142857
10/4/2022 5:04,29.88074074,52.4337037
10/4/2022 5:05,29.87,52.43142857
10/4/2022 5:06,29.85821429,52.4175
10/4/2022 5:07,29.86518519,52.40111111
10/4/2022 5:08,29.84892857,52.38964286
10/4/2022 5:09,29.83571429,52.37285714
10/4/2022 5:10,29.79037037,52.37888889
10/4/2022 5:11,29.7725,52.36607143
10/4/2022 5:12,29.7662963,52.35962963
10/4/2022 5:13,29.71321429,52.35428571
10/4/2022 5:14,29.6975,52.33285714
10/4/2022 5:15,29.76555556,52.30333333
10/4/2022 5:16,29.86107143,52.2975
10/4/2022 5:17,29.87851852,52.31037037
10/4/2022 5:18,29.87142857,52.31107143
10/4/2022 5:19,29.92178571,52.305
10/4/2022 5:20,29.98074074,52.29740741
10/4/2022 5:21,30.0475,52.28392857
10/4/2022 5:22,30.13222222,52.26407407
10/4/2022 5:23,30.21857143,52.25607143
10/4/2022 5:24,30.34642857,52.23642857
10/4/2022 5:25,30.42666667,52.2237037
10/4/2022 5:26,30.53142857,52.21142857
10/4/2022 5:27,30.63857143,52.18678571
10/4/2022 5:28,30.7237037,52.17074074
10/4/2022 5:29,30.81821429,52.15142857
10/4/2022 5:30,30.90851852,52.14074074
10/4/2022 5:31,30.95714286,52.14607143
10/4/2022 5:32,31.04428571,52.13714286
10/4/2022 5:33,31.12925926,52.11037037
10/4/2022 5:34,31.19714286,52.10571429
10/4/2022 5:35,31.26666667,52.10444444
10/4/2022 5:36,31.34678571,52.08678571
10/4/2022 5:37,31.45071429,52.0575
10/4/2022 5:38,31.53814815,52.03777778
10/4/2022 5:39,31.63178571,52.0275
10/4/2022 5:40,31.6862963,52.01444444
10/4/2022 5:41,31.75392857,52.00392857
10/4/2022 5:42,31.80607143,51.99785714
10/4/2022 5:43,31.88962963,51.98962963
10/4/2022 5:44,32.00857143,51.99928571
10/4/2022 5:45,32.06928571,52.01107143
10/4/2022 5:46,32.11851852,52.00925926
10/4/2022 5:47,32.16964286,51.99392857
10/4/2022 5:48,32.22222222,51.97444444
10/4/2022 5:49,32.29714286,51.96321429
10/4/2022 5:50,32.39321429,51.93857143
10/4/2022 5:51,32.49037037,51.92925926
10/4/2022 5:52,32.55571429,51.91714286
10/4/2022 5:53,32.6637037,51.89333333
10/4/2022 5:54,32.84892857,51.88392857
10/4/2022 5:55,33.01285714,51.88071429
10/4/2022 5:56,33.12888889,51.88814815
10/4/2022 5:57,33.23678571,51.885
10/4/2022 5:58,33.34142857,51.87785714
10/4/2022 5:59,33.43074074,51.8862963
10/4/2022 6:00,33.48178571,51.90428571
10/4/2022 6:01,33.51925926,51.90777778
10/4/2022 6:02,33.61642857,51.89321429
10/4/2022 6:03,33.685,51.88392857
10/4/2022 6:04,33.75037037,51.87555556
10/4/2022 6:05,33.82071429,51.88178571
10/4/2022 6:06,33.87333333,51.87740741
10/4/2022 6:07,33.95428571,51.86892857
10/4/2022 6:08,33.99678571,51.88071429
10/4/2022 6:09,34.0537037,51.90037037
10/4/2022 6:10,34.09964286,51.91357143
10/4/2022 6:11,34.16481481,51.91962963
10/4/2022 6:12,34.20821429,51.92964286
10/4/2022 6:13,34.24785714,51.94321429
10/4/2022 6:14,34.2537037,51.98740741
10/4/2022 6:15,34.22142857,52.03607143
10/4/2022 6:16,34.25678571,52.06571429
10/4/2022 6:17,34.34777778,52.04814815
10/4/2022 6:18,34.36464286,52.05428571
10/4/2022 6:19,34.38481481,52.05592593
10/4/2022 6:20,34.40285714,52.05821429
10/4/2022 6:21,34.43964286,52.05321429
10/4/2022 6:22,34.46518519,52.06777778
10/4/2022 6:23,34.51392857,52.04642857
10/4/2022 6:24,34.54074074,52.03
10/4/2022 6:25,34.59107143,52.01392857
10/4/2022 6:26,34.57571429,52.03857143
10/4/2022 6:27,34.60074074,52.03148148
10/4/2022 6:28,34.66321429,52.00821429
10/4/2022 6:29,34.68642857,52.00785714
10/4/2022 6:30,34.67740741,52.01185185
10/4/2022 6:31,34.68357143,52.01392857
10/4/2022 6:32,34.73740741,52.00444444
10/4/2022 6:33,34.73821429,51.99178571
10/4/2022 6:34,34.74178571,52.0025
10/4/2022 6:35,34.74962963,52.00111111
10/4/2022 6:36,34.78107143,51.99714286
10/4/2022 6:37,34.79703704,51.99777778
10/4/2022 6:38,34.82107143,51.99535714
10/4/2022 6:39,34.83964286,51.98428571
10/4/2022 6:40,34.88296296,51.96296296
10/4/2022 6:41,34.92642857,51.93785714
10/4/2022 6:42,34.93962963,51.93407407
10/4/2022 6:43,34.93321429,51.93428571
10/4/2022 6:44,34.98964286,51.93
10/4/2022 6:45,35.02296296,51.93481481
10/4/2022 6:46,34.99107143,51.92964286
10/4/2022 6:47,34.97107143,51.94035714
10/4/2022 6:48,34.97555556,51.93407407
10/4/2022 6:49,34.9025,51.92392857
10/4/2022 6:50,34.80518519,51.91
10/4/2022 6:51,34.81928571,51.89178571
10/4/2022 6:52,34.855,51.88178571
10/4/2022 6:53,34.76333333,51.8737037
10/4/2022 6:54,34.73928571,51.85964286
10/4/2022 6:55,34.76666667,51.85222222
10/4/2022 6:56,34.74785714,51.84642857
10/4/2022 6:57,34.74357143,51.82892857
10/4/2022 6:58,34.74592593,51.83
10/4/2022 6:59,34.75535714,51.82464286
10/4/2022 7:00,34.73571429,51.81821429
10/4/2022 7:01,34.75444444,51.80037037
10/4/2022 7:02,34.78821429,51.78785714
10/4/2022 7:03,34.80148148,51.77925926
10/4/2022 7:04,34.79178571,51.75964286
10/4/2022 7:05,34.7075,51.75571429
10/4/2022 7:06,34.65444444,51.74925926
10/4/2022 7:07,34.58535714,51.74357143
10/4/2022 7:08,34.52259259,51.72888889
10/4/2022 7:09,34.49178571,51.7175
10/4/2022 7:10,34.425,51.71071429
10/4/2022 7:11,34.38555556,51.6962963
10/4/2022 7:12,34.33785714,51.69071429
10/4/2022 7:13,34.31518519,51.68148148
10/4/2022 7:14,34.295,51.65821429
10/4/2022 7:15,34.25821429,51.65285714
10/4/2022 7:16,34.23518519,51.65185185
10/4/2022 7:17,34.19571429,51.64178571
10/4/2022 7:18,34.1825,51.61821429
10/4/2022 7:19,34.19259259,51.60666667
10/4/2022 7:20,34.17964286,51.58928571
10/4/2022 7:21,34.35111111,51.5737037
10/4/2022 7:22,34.5475,51.5775
10/4/2022 7:23,34.62392857,51.58
10/4/2022 7:24,34.67703704,51.57481481
10/4/2022 7:25,34.73714286,51.55714286
10/4/2022 7:26,34.7862963,51.55185185
10/4/2022 7:27,34.80714286,51.53607143
10/4/2022 7:28,34.82035714,51.53392857
10/4/2022 7:29,34.83444444,51.52925926
10/4/2022 7:30,34.84285714,51.51892857
10/4/2022 7:31,34.835,51.50107143
10/4/2022 7:32,34.82925926,51.5
10/4/2022 7:33,34.88964286,51.49357143
10/4/2022 7:34,34.89222222,51.49925926
10/4/2022 7:35,34.93,51.48357143
10/4/2022 7:36,34.98535714,51.46678571
10/4/2022 7:37,35.01518519,51.45444444
10/4/2022 7:38,35.06071429,51.43964286
10/4/2022 7:39,35.11592593,51.43222222
10/4/2022 7:40,35.16321429,51.42857143
10/4/2022 7:41,35.24464286,51.44178571
10/4/2022 7:42,35.34555556,51.43296296
10/4/2022 7:43,35.47428571,51.42
10/4/2022 7:44,35.59,51.42259259
10/4/2022 7:45,35.70642857,51.44392857
10/4/2022 7:46,35.82357143,51.43928571
10/4/2022 7:47,35.94444444,51.42666667
10/4/2022 7:48,36.05678571,51.41857143
10/4/2022 7:49,36.13107143,51.42142857
10/4/2022 7:50,36.22037037,51.44185185
10/4/2022 7:51,36.27,51.45428571
10/4/2022 7:52,36.36222222,51.44703704
10/4/2022 7:53,36.45678571,51.44321429
10/4/2022 7:54,36.53392857,51.44785714
10/4/2022 7:55,36.63222222,51.45666667
10/4/2022 7:56,36.67892857,51.46928571
10/4/2022 7:57,36.72666667,51.46777778
10/4/2022 7:58,36.81107143,51.47357143
10/4/2022 7:59,36.90785714,51.47214286
10/4/2022 8:00,36.99518519,51.47222222
10/4/2022 8:01,37.0925,51.47035714
10/4/2022 8:02,37.21857143,51.48035714
10/4/2022 8:03,37.37592593,51.51296296
10/4/2022 8:04,37.53357143,51.5675
10/4/2022 8:05,37.65148148,51.64444444
10/4/2022 8:06,37.83714286,51.65928571
10/4/2022 8:07,37.94107143,51.66
10/4/2022 8:08,38.1262963,51.66185185
10/4/2022 8:09,38.20464286,51.66428571
10/4/2022 8:10,38.30777778,51.6737037
10/4/2022 8:11,38.43035714,51.6875
10/4/2022 8:12,38.5375,51.71571429
10/4/2022 8:13,38.55592593,51.73296296
10/4/2022 8:14,38.62035714,51.75821429
10/4/2022 8:15,38.64888889,51.78962963
10/4/2022 8:16,38.65892857,51.81071429
10/4/2022 8:17,38.74178571,51.81714286
10/4/2022 8:18,38.78296296,51.82148148
10/4/2022 8:19,38.74857143,51.87535714
10/4/2022 8:20,38.71321429,51.89321429
10/4/2022 8:21,38.72407407,51.89407407
10/4/2022 8:22,38.73857143,51.92642857
10/4/2022 8:23,38.72185185,51.96074074
10/4/2022 8:24,38.79678571,51.97071429
10/4/2022 8:25,38.83892857,51.96571429
10/4/2022 8:26,38.91,51.97888889
10/4/2022 8:27,39.00214286,52.02892857
10/4/2022 8:28,38.99555556,52.0737037
10/4/2022 8:29,39.10857143,52.065
10/4/2022 8:30,39.15142857,52.08071429
10/4/2022 8:31,39.23814815,52.09
10/4/2022 8:32,39.31928571,52.09571429
10/4/2022 8:33,39.3937037,52.09814815
10/4/2022 8:34,39.40464286,52.12321429
10/4/2022 8:35,39.39,52.17535714
10/4/2022 8:36,39.33851852,52.23925926
10/4/2022 8:37,39.29,52.29464286
10/4/2022 8:38,39.25107143,52.34214286
10/4/2022 8:39,39.17666667,52.41925926
10/4/2022 8:40,39.14357143,52.45821429
10/4/2022 8:41,39.17740741,52.46888889
10/4/2022 8:42,39.16571429,52.48928571
10/4/2022 8:43,39.19857143,52.49535714
10/4/2022 8:44,39.17481481,52.50407407
10/4/2022 8:45,39.1125,52.52892857
10/4/2022 8:46,39.14703704,52.53703704
10/4/2022 8:47,39.17107143,52.55428571
10/4/2022 8:48,39.23607143,52.575
10/4/2022 8:49,39.28703704,52.57925926
10/4/2022 8:50,39.345,52.55642857
10/4/2022 8:51,39.40518519,52.54259259
10/4/2022 8:52,39.39071429,52.54142857
10/4/2022 8:53,39.37035714,52.535
10/4/2022 8:54,39.31740741,52.52185185
10/4/2022 8:55,39.27321429,52.50821429
10/4/2022 8:56,39.2825,52.50821429
10/4/2022 8:57,39.29814815,52.50481481
10/4/2022 8:58,39.34857143,52.51071429
10/4/2022 8:59,39.4037037,52.51222222
10/4/2022 9:00,39.01178571,52.46892857
10/4/2022 9:01,38.10035714,52.39107143
10/4/2022 9:02,37.37333333,52.40037037
10/4/2022 9:03,37.08,52.42678571
10/4/2022 9:04,37.19481481,52.45666667
10/4/2022 9:05,37.41464286,52.475
10/4/2022 9:06,37.57857143,52.5025
10/4/2022 9:07,37.73333333,52.52851852
10/4/2022 9:08,37.89607143,52.5525
10/4/2022 9:09,38.04925926,52.56481481
10/4/2022 9:10,38.14535714,52.59392857
10/4/2022 9:11,38.19142857,52.63
10/4/2022 9:12,38.26851852,52.66666667
10/4/2022 9:13,38.31678571,52.71285714
10/4/2022 9:14,38.41333333,52.7362963
10/4/2022 9:15,38.485,52.77357143
10/4/2022 9:16,38.52428571,52.81392857
10/4/2022 9:17,38.58777778,52.84074074
10/4/2022 9:18,38.61857143,52.88214286
10/4/2022 9:19,38.75142857,52.915
10/4/2022 9:20,38.90888889,52.93074074
10/4/2022 9:21,39.15392857,52.9425
10/4/2022 9:22,39.34740741,52.95148148
10/4/2022 9:23,39.5225,52.93964286
10/4/2022 9:24,39.70571429,52.92142857
10/4/2022 9:25,39.84185185,52.92185185
10/4/2022 9:26,39.94178571,52.91821429
10/4/2022 9:27,40.09518519,52.91222222
10/4/2022 9:28,40.19392857,52.90142857
10/4/2022 9:29,40.22178571,52.89464286
10/4/2022 9:30,40.28407407,52.90814815
10/4/2022 9:31,40.40071429,52.9075
10/4/2022 9:32,40.49592593,52.90888889
10/4/2022 9:33,40.60142857,52.92428571
10/4/2022 9:34,40.67607143,52.935
10/4/2022 9:35,40.68444444,52.94259259
10/4/2022 9:36,40.74214286,52.95607143
10/4/2022 9:37,40.80037037,52.97777778
10/4/2022 9:38,40.90285714,52.99035714
10/4/2022 9:39,40.96214286,53.00928571
10/4/2022 9:40,40.96185185,53.0237037
10/4/2022 9:41,41.05142857,53.02607143
10/4/2022 9:42,41.19222222,53.03814815
10/4/2022 9:43,41.28178571,53.03928571
10/4/2022 9:44,41.28071429,53.04928571
10/4/2022 9:45,41.33666667,53.04962963
10/4/2022 9:46,41.44428571,53.04107143
10/4/2022 9:47,41.55592593,53.03851852
10/4/2022 9:48,41.59071429,53.04321429
10/4/2022 9:49,41.55964286,53.05464286
10/4/2022 9:50,41.26888889,53.10037037
10/4/2022 9:51,40.80357143,53.17035714
10/4/2022 9:52,40.66185185,53.21592593
10/4/2022 9:53,40.53107143,53.25428571
10/4/2022 9:54,40.47821429,53.29285714
10/4/2022 9:55,40.33925926,53.32962963
10/4/2022 9:56,40.16714286,53.36857143
10/4/2022 9:57,39.97962963,53.41037037
10/4/2022 9:58,39.8775,53.43107143
10/4/2022 9:59,39.75607143,53.46821429
10/4/2022 10:00,39.61851852,53.48851852
10/4/2022 10:01,39.54857143,53.50071429
10/4/2022 10:02,39.47851852,53.52037037
10/4/2022 10:03,39.34464286,53.56571429
10/4/2022 10:04,39.22392857,53.60571429
10/4/2022 10:05,39.11814815,53.65
10/4/2022 10:06,39.0325,53.69535714
10/4/2022 10:07,38.8737037,53.72148148
10/4/2022 10:08,38.64964286,53.75821429
10/4/2022 10:09,38.35464286,53.79142857
10/4/2022 10:10,38.23444444,53.79296296
10/4/2022 10:11,38.14285714,53.80035714
10/4/2022 10:12,38.15740741,53.80222222
10/4/2022 10:13,38.13178571,53.80892857
10/4/2022 10:14,38.02555556,53.82814815
10/4/2022 10:15,37.9025,53.84607143
10/4/2022 10:16,37.85678571,53.86107143
10/4/2022 10:17,37.74407407,53.88407407
10/4/2022 10:18,37.6275,53.89357143
10/4/2022 10:19,37.53714286,53.91321429
10/4/2022 10:20,37.55518519,53.96074074
10/4/2022 10:21,37.58892857,53.98928571
10/4/2022 10:22,37.58074074,54.00148148
10/4/2022 10:23,37.72535714,53.99571429
10/4/2022 10:24,37.95428571,53.95857143
10/4/2022 10:25,38.09333333,53.94925926
10/4/2022 10:26,38.20892857,53.94857143
10/4/2022 10:27,38.34259259,53.95148148
10/4/2022 10:28,38.43357143,53.95357143
10/4/2022 10:29,38.55214286,53.94
10/4/2022 10:30,38.64925926,53.93407407
10/4/2022 10:31,38.70464286,53.92607143
10/4/2022 10:32,38.76518519,53.91777778
10/4/2022 10:33,38.85785714,53.92321429
10/4/2022 10:34,38.90321429,53.92571429
10/4/2022 10:35,38.9662963,53.92777778
10/4/2022 10:36,39.03428571,53.92178571
10/4/2022 10:37,39.04111111,53.9237037
10/4/2022 10:38,39.05285714,53.93714286
10/4/2022 10:39,39.1,53.94607143
10/4/2022 10:40,39.11037037,53.95481481
10/4/2022 10:41,39.19214286,53.96107143
10/4/2022 10:42,39.23592593,53.95518519
10/4/2022 10:43,39.25857143,53.95178571
10/4/2022 10:44,39.37035714,53.94035714
10/4/2022 10:45,39.44888889,53.93148148
10/4/2022 10:46,39.51333333,53.93851852
10/4/2022 10:47,39.54785714,53.94357143
10/4/2022 10:48,39.54071429,53.94392857
10/4/2022 10:49,39.57178571,53.94321429
10/4/2022 10:50,39.57037037,53.9437037
10/4/2022 10:51,39.6425,53.93107143
10/4/2022 10:52,39.61111111,53.92777778
10/4/2022 10:53,39.50178571,53.93464286
10/4/2022 10:54,39.5275,53.93785714
10/4/2022 10:55,39.61814815,53.93074074
10/4/2022 10:56,39.64142857,53.93071429
10/4/2022 10:57,39.5962963,53.93481481
10/4/2022 10:58,39.59428571,53.93464286
10/4/2022 10:59,39.63642857,53.93
10/4/2022 11:00,39.62111111,53.92666667
10/4/2022 11:01,39.66464286,53.91714286
10/4/2022 11:02,39.66037037,53.92333333
10/4/2022 11:03,39.6875,53.92142857
10/4/2022 11:04,39.70714286,53.91
10/4/2022 11:05,39.62518519,53.90481481
10/4/2022 11:06,39.58821429,53.89607143
10/4/2022 11:07,39.5462963,53.92555556
10/4/2022 11:08,39.55392857,53.94178571
10/4/2022 11:09,39.56888889,53.94777778
10/4/2022 11:10,39.59821429,53.94107143
10/4/2022 11:11,39.60678571,53.92535714
10/4/2022 11:12,39.51111111,53.94592593
10/4/2022 11:13,39.44178571,53.96607143
10/4/2022 11:14,39.27321429,53.98392857
10/4/2022 11:15,39.18740741,53.98703704
10/4/2022 11:16,39.26642857,53.97285714
10/4/2022 11:17,39.23444444,53.97037037
10/4/2022 11:18,39.21928571,53.97214286
10/4/2022 11:19,39.17857143,53.97
10/4/2022 11:20,39.13814815,53.95703704
10/4/2022 11:21,39.14964286,53.94714286
10/4/2022 11:22,39.10407407,53.95888889
10/4/2022 11:23,38.99,53.96357143
10/4/2022 11:24,38.96178571,53.94678571
10/4/2022 11:25,38.96444444,53.93481481
10/4/2022 11:26,38.88642857,53.93607143
10/4/2022 11:27,38.81444444,53.93777778
10/4/2022 11:28,38.73642857,53.9475
10/4/2022 11:29,38.64222222,53.95407407
10/4/2022 11:30,38.55285714,53.95607143
10/4/2022 11:31,38.51178571,53.95642857
10/4/2022 11:32,38.39518519,53.95777778
10/4/2022 11:33,38.21964286,53.95142857
10/4/2022 11:34,38.20392857,53.96
10/4/2022 11:35,38.24703704,53.96
10/4/2022 11:36,38.21107143,53.95464286
10/4/2022 11:37,38.11296296,53.96148148
10/4/2022 11:38,38.01035714,53.95928571
10/4/2022 11:39,37.86642857,53.96571429
10/4/2022 11:40,37.96925926,53.95814815
10/4/2022 11:41,37.91535714,53.94178571
10/4/2022 11:42,37.82925926,53.95555556
10/4/2022 11:43,37.88714286,53.955
10/4/2022 11:44,37.85107143,53.96071429
10/4/2022 11:45,37.77888889,53.98074074
10/4/2022 11:46,37.70107143,54.00142857
10/4/2022 11:47,37.57222222,54.00888889
10/4/2022 11:48,37.55035714,54.01321429
10/4/2022 11:49,37.48,54.00925926
10/4/2022 11:50,37.43428571,53.9975
10/4/2022 11:51,37.47142857,53.97607143
10/4/2022 11:52,37.3537037,53.98518519
10/4/2022 11:53,37.21928571,53.98928571
10/4/2022 11:54,37.13740741,54.01037037
10/4/2022 11:55,37.00964286,54.02214286
10/4/2022 11:56,36.90285714,54.03785714
10/4/2022 11:57,36.87333333,54.04111111
10/4/2022 11:58,36.83607143,54.04642857
10/4/2022 11:59,36.89925926,54.05222222
10/4/2022 12:00,36.96571429,54.04785714
10/4/2022 12:01,36.92285714,54.06642857
10/4/2022 12:02,36.89407407,54.08111111
10/4/2022 12:03,36.66428571,54.09428571
10/4/2022 12:04,36.51740741,54.09703704
10/4/2022 12:05,36.49892857,54.0825
10/4/2022 12:06,36.39107143,54.07857143
10/4/2022 12:07,36.44185185,54.06888889
10/4/2022 12:08,36.51571429,54.06571429
10/4/2022 12:09,36.51851852,54.06
10/4/2022 12:10,36.53464286,54.05392857
10/4/2022 12:11,36.57928571,54.05178571
10/4/2022 12:12,36.70666667,54.05111111
10/4/2022 12:13,36.64785714,54.07392857
10/4/2022 12:14,36.55296296,54.09444444
10/4/2022 12:15,36.40678571,54.08464286
10/4/2022 12:16,36.23642857,54.08785714
10/4/2022 12:17,36.2362963,54.08333333
10/4/2022 12:18,36.24428571,54.07
10/4/2022 12:19,36.16703704,54.04814815
10/4/2022 12:20,36.03821429,54.03214286
10/4/2022 12:21,35.93607143,54.0225
10/4/2022 12:22,35.87407407,54.02925926
10/4/2022 12:23,35.82035714,54.05035714
10/4/2022 12:24,35.82,54.06222222
10/4/2022 12:25,35.77321429,54.06178571
10/4/2022 12:26,35.51892857,54.06714286
10/4/2022 12:27,35.43111111,54.08851852
10/4/2022 12:28,35.36821429,54.06964286
10/4/2022 12:29,35.22222222,54.08222222
10/4/2022 12:30,35.13321429,54.08071429
10/4/2022 12:31,35.06178571,54.06821429
10/4/2022 12:32,35.0537037,54.05703704
10/4/2022 12:33,35.03928571,54.04214286
10/4/2022 12:34,35.05481481,54.03
10/4/2022 12:35,34.98928571,54.02571429
10/4/2022 12:36,34.94357143,54.03357143
10/4/2022 12:37,34.92185185,54.03555556
10/4/2022 12:38,34.92035714,54.04571429
10/4/2022 12:39,34.84037037,54.04888889
10/4/2022 12:40,34.80464286,54.06
10/4/2022 12:41,34.74392857,54.05321429
10/4/2022 12:42,34.7,54.05740741
10/4/2022 12:43,34.62,54.07142857
10/4/2022 12:44,34.57074074,54.08148148
10/4/2022 12:45,34.4925,54.11071429
10/4/2022 12:46,34.31428571,54.15821429
10/4/2022 12:47,33.70444444,54.16481481
10/4/2022 12:48,33.30464286,54.1875
10/4/2022 12:49,33.04592593,54.21333333
10/4/2022 12:50,32.4125,54.39035714
10/4/2022 12:51,31.89814815,55.06037037
10/4/2022 12:52,31.62285714,55.445
10/4/2022 12:53,31.625,55.49892857
10/4/2022 12:54,31.66740741,55.52703704
10/4/2022 12:55,31.59642857,55.70821429
10/4/2022 12:56,31.39333333,56.00703704
10/4/2022 12:57,31.20285714,56.37892857
10/4/2022 12:58,31.19214286,56.60428571
10/4/2022 12:59,31.31777778,56.70851852
10/4/2022 13:00,31.25833333,56.80666667
11/4/2022 7:28,50.21,36.22
11/4/2022 7:29,50.14428571,36.24214286
11/4/2022 7:30,49.9962963,36.25296296
11/4/2022 7:31,50.18428571,36.22642857
11/4/2022 7:32,50.03259259,36.22222222
11/4/2022 7:33,50.00392857,36.16321429
11/4/2022 7:34,49.91222222,36.08111111
11/4/2022 7:35,50.17892857,36.02321429
11/4/2022 7:36,50.16678571,35.98678571
11/4/2022 7:37,50.26703704,35.94592593
11/4/2022 7:38,50.41107143,35.91785714
11/4/2022 7:39,50.42178571,35.90964286
11/4/2022 7:40,50.48148148,35.86555556
11/4/2022 7:41,50.58642857,35.88178571
11/4/2022 7:42,50.43285714,35.88464286
11/4/2022 7:43,50.42962963,35.88481481
11/4/2022 7:44,50.64035714,35.855
11/4/2022 7:45,50.63592593,35.79481481
11/4/2022 7:46,50.75071429,35.77214286
11/4/2022 7:47,50.60678571,35.76678571
11/4/2022 7:48,50.85222222,35.7037037
11/4/2022 7:49,50.87321429,35.66607143
11/4/2022 7:50,50.80892857,35.65107143
11/4/2022 7:51,50.92444444,35.63703704
11/4/2022 7:52,51.13392857,35.62821429
11/4/2022 7:53,51.21074074,35.6462963
11/4/2022 7:54,51.33428571,35.65142857
11/4/2022 7:55,51.37037037,35.66666667
11/4/2022 7:56,51.43571429,35.65964286
11/4/2022 7:57,51.68642857,35.58392857
11/4/2022 7:58,51.89481481,35.56296296
11/4/2022 7:59,51.9625,35.5575
11/4/2022 8:00,51.9575,35.57571429
11/4/2022 8:01,51.68111111,35.60074074
11/4/2022 8:02,51.64285714,35.64035714
11/4/2022 8:03,51.61714286,35.63285714
11/4/2022 8:04,51.64851852,35.62333333
11/4/2022 8:05,51.68464286,35.64107143
11/4/2022 8:06,51.53407407,35.63037037
11/4/2022 8:07,51.43357143,35.60678571
11/4/2022 8:08,51.54892857,35.62107143
11/4/2022 8:09,51.42703704,35.64185185
11/4/2022 8:10,51.60071429,35.58821429
11/4/2022 8:11,51.4262963,35.57703704
11/4/2022 8:12,51.43142857,35.58035714
11/4/2022 8:13,51.34035714,35.60678571
11/4/2022 8:14,51.75222222,35.79407407
11/4/2022 8:15,50.9675,35.9525
11/4/2022 8:16,50.72464286,35.92642857
11/4/2022 8:17,50.97703704,35.83703704
11/4/2022 8:18,51.71714286,35.765
11/4/2022 8:19,51.46074074,35.77185185
11/4/2022 8:20,51.68464286,35.68821429
11/4/2022 8:21,51.79464286,35.65607143
11/4/2022 8:22,51.95740741,35.64148148
11/4/2022 8:23,51.77035714,35.67535714
11/4/2022 8:24,51.99074074,35.64851852
11/4/2022 8:25,51.84464286,35.65214286
11/4/2022 8:26,51.95928571,35.57678571
11/4/2022 8:27,52.34481481,35.45962963
11/4/2022 8:28,52.40357143,35.3975
11/4/2022 8:29,52.13142857,35.43107143
11/4/2022 8:30,51.60481481,35.50037037
11/4/2022 8:31,51.3675,35.42678571
11/4/2022 8:32,51.14444444,35.3737037
11/4/2022 8:33,51.00142857,35.38071429
11/4/2022 8:34,50.70071429,35.46892857
11/4/2022 8:35,50.60333333,35.49888889
11/4/2022 8:36,50.49964286,35.55035714
11/4/2022 8:37,50.70740741,35.58666667
11/4/2022 8:38,50.68428571,35.64642857
11/4/2022 8:39,50.79964286,35.645
11/4/2022 8:40,50.99555556,35.56296296
11/4/2022 8:41,51.25035714,35.50607143
11/4/2022 8:42,51.06285714,35.665
11/4/2022 8:43,50.5437037,35.77407407
11/4/2022 8:44,50.45928571,35.75142857
11/4/2022 8:45,50.74814815,35.67592593
11/4/2022 8:46,50.87357143,35.685
11/4/2022 8:47,51.2425,35.65785714
11/4/2022 8:48,51.39037037,35.62111111
11/4/2022 8:49,50.87464286,35.80357143
11/4/2022 8:50,50.77444444,35.91111111
11/4/2022 8:51,50.82071429,35.92321429
11/4/2022 8:52,50.67178571,36.07785714
11/4/2022 8:53,50.29333333,36.21407407
11/4/2022 8:54,50.08785714,36.24214286
11/4/2022 8:55,50.12821429,36.23571429
11/4/2022 8:56,50.4162963,36.14851852
11/4/2022 8:57,49.99071429,36.31392857
11/4/2022 8:58,49.78074074,36.34074074
11/4/2022 8:59,50.03928571,36.20285714
11/4/2022 9:00,50.54964286,36.04892857
11/4/2022 9:01,50.88888889,36.02703704
11/4/2022 9:02,51.0325,36.09714286
11/4/2022 9:03,50.73037037,36.36518519
11/4/2022 9:04,50.17214286,36.57642857
11/4/2022 9:05,50.04964286,36.71642857
11/4/2022 9:06,49.50074074,36.95333333
11/4/2022 9:07,49.07428571,37.11428571
11/4/2022 9:08,49.07333333,37.11777778
11/4/2022 9:09,49.245,37.07821429
11/4/2022 9:10,49.23857143,37.13071429
11/4/2022 9:11,48.87,37.21925926
11/4/2022 9:12,48.93928571,37.22142857
11/4/2022 9:13,48.89444444,37.30222222
11/4/2022 9:14,48.53,37.34785714
11/4/2022 9:15,48.69142857,37.26607143
11/4/2022 9:16,48.80740741,37.26333333
11/4/2022 9:17,49.08178571,37.16142857
11/4/2022 9:18,49.33642857,37.11785714
11/4/2022 9:19,48.94481481,37.19740741
11/4/2022 9:20,48.69357143,37.27321429
11/4/2022 9:21,48.95592593,37.20296296
11/4/2022 9:22,48.56142857,37.27035714
11/4/2022 9:23,48.25142857,37.36178571
11/4/2022 9:24,47.96703704,37.49777778
11/4/2022 9:25,47.68714286,37.66214286
11/4/2022 9:26,47.31555556,37.78259259
11/4/2022 9:27,47.10071429,37.76857143
11/4/2022 9:28,47.11178571,37.72571429
11/4/2022 9:29,47.30481481,37.5562963
11/4/2022 9:30,47.95071429,37.28107143
11/4/2022 9:31,48.35777778,37.27259259
11/4/2022 9:32,48.28857143,37.42392857
11/4/2022 9:33,47.9475,37.52285714
11/4/2022 9:34,48.47037037,37.19259259
11/4/2022 9:35,49.24,36.95464286
11/4/2022 9:36,48.91444444,37.07703704
11/4/2022 9:37,48.67321429,37.18642857
11/4/2022 9:38,48.91642857,37.18357143
11/4/2022 9:39,48.84444444,37.23962963
11/4/2022 9:40,48.72464286,37.31142857
11/4/2022 9:41,48.59178571,37.40678571
11/4/2022 9:42,48.36703704,37.53518519
11/4/2022 9:43,48.14607143,37.60928571
11/4/2022 9:44,48.08037037,37.61555556
11/4/2022 9:45,48.13964286,37.50964286
11/4/2022 9:46,48.18892857,37.47285714
11/4/2022 9:47,48.04888889,37.50148148
11/4/2022 9:48,47.85642857,37.50678571
11/4/2022 9:49,47.78925926,37.43333333
11/4/2022 9:50,47.90392857,37.35821429
11/4/2022 9:51,47.68,37.17
11/4/2022 9:52,48.42962963,36.93074074
11/4/2022 9:53,48.53892857,36.92285714
11/4/2022 9:54,48.66481481,36.99037037
11/4/2022 9:55,48.30857143,37.18178571
11/4/2022 9:56,48.14821429,37.31
11/4/2022 9:57,47.84518519,37.40481481
11/4/2022 9:58,48.46142857,37.13857143
11/4/2022 9:59,48.7437037,37.00888889
11/4/2022 10:00,48.80964286,37.01321429
11/4/2022 10:01,48.25535714,37.22571429
11/4/2022 10:02,47.69851852,37.3737037
11/4/2022 10:03,47.54321429,37.52357143
11/4/2022 10:04,47.62178571,37.515
11/4/2022 10:05,47.74296296,37.53
11/4/2022 10:06,47.59142857,37.58571429
11/4/2022 10:07,47.52111111,37.64333333
11/4/2022 10:08,47.49285714,37.7225
11/4/2022 10:09,47.25777778,37.77333333
11/4/2022 10:10,47.64821429,37.53571429
11/4/2022 10:11,48.21285714,37.39357143
11/4/2022 10:12,47.83481481,37.53962963
11/4/2022 10:13,47.91464286,37.415
11/4/2022 10:14,48.77321429,37.15214286
11/4/2022 10:15,48.43518519,37.50148148
